<?xml version="1.0" encoding="UTF-8"?>
<project-private xmlns="http://www.netbeans.org/ns/project-private/1">
    <editor-bookmarks xmlns="http://www.netbeans.org/ns/editor-bookmarks/2" lastBookmarkId="0"/>
    <open-files xmlns="http://www.netbeans.org/ns/projectui-open-files/2">
        <group>
            <file>file:/home/subzero/NetBeansProjects/Estrategia/src/ProductoVectorial.java</file>
            <file>file:/home/subzero/NetBeansProjects/Estrategia/src/EscalarFraccion.java</file>
            <file>file:/home/subzero/NetBeansProjects/Estrategia/src/Tiempo.java</file>
            <file>file:/home/subzero/NetBeansProjects/Estrategia/src/Vector.java</file>
            <file>file:/home/subzero/NetBeansProjects/Estrategia/src/DatoCompuesto.java</file>
            <file>file:/home/subzero/NetBeansProjects/Estrategia/src/EscalarPunto.java</file>
            <file>file:/home/subzero/NetBeansProjects/Estrategia/src/SumaFraccion.java</file>
            <file>file:/home/subzero/NetBeansProjects/Estrategia/src/ProductoDePunto.java</file>
            <file>file:/home/subzero/NetBeansProjects/Estrategia/src/SumaVector.java</file>
            <file>file:/home/subzero/NetBeansProjects/Estrategia/src/SimetriaPunto.java</file>
            <file>file:/home/subzero/NetBeansProjects/Estrategia/src/Main2.java</file>
            <file>file:/home/subzero/NetBeansProjects/Estrategia/src/Fraccion.java</file>
            <file>file:/home/subzero/NetBeansProjects/Estrategia/src/ModoSumar.java</file>
            <file>file:/home/subzero/NetBeansProjects/Estrategia/src/SimetriaTiempo.java</file>
            <file>file:/home/subzero/NetBeansProjects/Estrategia/src/SimetriaVector.java</file>
            <file>file:/home/subzero/NetBeansProjects/Estrategia/src/SumaTiempo.java</file>
            <file>file:/home/subzero/NetBeansProjects/Estrategia/src/ModoEscalar.java</file>
            <file>file:/home/subzero/NetBeansProjects/Estrategia/src/EscalarTiempo.java</file>
            <file>file:/home/subzero/NetBeansProjects/Estrategia/src/ProductoFraccion.java</file>
            <file>file:/home/subzero/NetBeansProjects/Estrategia/src/ModoProducto.java</file>
            <file>file:/home/subzero/NetBeansProjects/Estrategia/src/SumaDirecta.java</file>
            <file>file:/home/subzero/NetBeansProjects/Estrategia/src/ModoSimetria.java</file>
            <file>file:/home/subzero/NetBeansProjects/Estrategia/src/Punto.java</file>
            <file>file:/home/subzero/NetBeansProjects/Estrategia/src/Simplificar.java</file>
            <file>file:/home/subzero/NetBeansProjects/Estrategia/src/Main.java</file>
            <file>file:/home/subzero/NetBeansProjects/Estrategia/src/EscalarVector.java</file>
        </group>
    </open-files>
</project-private>
